{
  "usuarios": [
    {
      "image": "http://placekitten.com/200/100",
      "cantidad": 1,
      "name": "daniel",
      "password": "123",
      "id": 1
    },
    {
      "image": "http://placekitten.com/200/100",
      "cantidad": 1,
      "name": "viki",
      "password": "123",
      "id": 2
    },
    {
      "image": "http://placekitten.com/200/100",
      "cantidad": 1,
      "name": "admin",
      "password": "admin",
      "id": 3
    }
  ],
  "articulos": [
    {
      "name": "Monitor AOC",
      "image": "http://placekitten.com/200/200",
      "cantidad": 1,
      "price": "250",
      "stock": "15",
      "pedido": 0,
      "id": 1
    },
    {
      "name": "Teclado ",
      "image": "http://placekitten.com/200/200",
      "cantidad": 1,
      "price": "50",
      "stock": "15",
      "pedido": 0,
      "id": 2
    },
    {
      "name": "Mochila roja",
      "image": "http://placekitten.com/200/200",
      "cantidad": 1,
      "price": "25",
      "stock": "15",
      "pedido": 0,
      "id": 3
    }
  ],
  "pedidos": [
    {
      "cantidad": 1,
      "name": "Pedido1",
      "date": "11/05/2021",
      "listaArti": [
        {
          "unidades": 1,
          "articulo": {
            "image": "http://placekitten.com/200/200",
            "cantidad": 1,
            "name": "Mochila roja",
            "price": "15",
            "stock": 3,
            "pedido": 18,
            "id": 1
          },
          "precioTotal": 15,
          "id": 16
        },
        {
          "unidades": 1,
          "articulo": {
            "image": "http://placekitten.com/200/200",
            "cantidad": 1,
            "name": "Monitor AOC",
            "price": "150",
            "stock": 15,
            "pedido": 20,
            "id": 2
          },
          "precioTotal": 150,
          "id": 17
        }
      ],
      "price": 315,
      "id": 1
    }
  ],
  "cantidad": [
    {
      "unidades": 1,
      "articulo": {
        "image": "http://placekitten.com/200/200",
        "cantidad": 1,
        "name": "Mochila roja",
        "price": "15",
        "stock": "15",
        "pedido": 0,
        "id": 1
      },
      "precioTotal": 15,
      "id": 1
    },
    {
      "unidades": 1,
      "articulo": {
        "image": "http://placekitten.com/200/200",
        "cantidad": 1,
        "name": "Monitor AOC",
        "price": "150",
        "stock": "25",
        "pedido": 0,
        "id": 2
      },
      "precioTotal": 150,
      "id": 2
    },
    {
      "unidades": 1,
      "articulo": {
        "image": "http://placekitten.com/200/200",
        "cantidad": 1,
        "name": "Monitor",
        "price": "125",
        "stock": "25",
        "pedido": 0,
        "id": 3
      },
      "precioTotal": 125,
      "id": 3
    },
    {
      "unidades": 6,
      "articulo": {
        "image": "http://placekitten.com/200/200",
        "cantidad": 1,
        "name": "Mochila roja",
        "price": "15",
        "stock": "15",
        "pedido": 0,
        "id": 1
      },
      "precioTotal": 90,
      "id": 4
    },
    {
      "unidades": 6,
      "articulo": {
        "image": "http://placekitten.com/200/200",
        "cantidad": 1,
        "name": "Monitor AOC",
        "price": "150",
        "stock": "25",
        "pedido": 0,
        "id": 2
      },
      "precioTotal": 900,
      "id": 5
    },
    {
      "unidades": 6,
      "articulo": {
        "image": "http://placekitten.com/200/200",
        "cantidad": 1,
        "name": "Mochila roja",
        "price": "15",
        "stock": "15",
        "pedido": 1,
        "id": 1
      },
      "precioTotal": 90,
      "id": 6
    },
    {
      "unidades": 1,
      "articulo": {
        "image": "http://placekitten.com/200/200",
        "cantidad": 1,
        "name": "Mochila roja",
        "price": "15",
        "stock": 5,
        "pedido": 14,
        "id": 1
      },
      "precioTotal": 15,
      "id": 7
    },
    {
      "unidades": 1,
      "articulo": {
        "image": "http://placekitten.com/200/200",
        "cantidad": 1,
        "name": "Monitor AOC",
        "price": "150",
        "stock": 20,
        "pedido": 10,
        "id": 2
      },
      "precioTotal": 150,
      "id": 8
    },
    {
      "unidades": 1,
      "articulo": {
        "image": "http://placekitten.com/200/200",
        "cantidad": 1,
        "name": "Monitor",
        "price": "125",
        "stock": 23,
        "pedido": 4,
        "id": 3
      },
      "precioTotal": 125,
      "id": 9
    },
    {
      "unidades": 1,
      "articulo": {
        "image": "http://placekitten.com/200/200",
        "cantidad": 1,
        "name": "Monitor AOC",
        "price": "150",
        "stock": 19,
        "pedido": 12,
        "id": 2
      },
      "precioTotal": 150,
      "id": 10
    },
    {
      "unidades": 1,
      "articulo": {
        "image": "http://placekitten.com/200/200",
        "cantidad": 1,
        "name": "Monitor AOC",
        "price": "150",
        "stock": 18,
        "pedido": 14,
        "id": 2
      },
      "precioTotal": 150,
      "id": 11
    },
    {
      "unidades": 1,
      "articulo": {
        "image": "http://placekitten.com/200/200",
        "cantidad": 1,
        "name": "Monitor",
        "price": "125",
        "stock": 22,
        "pedido": 6,
        "id": 3
      },
      "precioTotal": 125,
      "id": 12
    },
    {
      "unidades": 1,
      "articulo": {
        "image": "http://placekitten.com/200/200",
        "cantidad": 1,
        "name": "Monitor AOC",
        "price": "150",
        "stock": 17,
        "pedido": 16,
        "id": 2
      },
      "precioTotal": 150,
      "id": 13
    },
    {
      "unidades": 1,
      "articulo": {
        "image": "http://placekitten.com/200/200",
        "cantidad": 1,
        "name": "Monitor",
        "price": "125",
        "stock": 21,
        "pedido": 8,
        "id": 3
      },
      "precioTotal": 125,
      "id": 14
    },
    {
      "unidades": 1,
      "articulo": {
        "id": 4,
        "name": "Teclado ",
        "price": "24",
        "stock": 49,
        "image": "http://placekitten.com/200/200",
        "pedido": null
      },
      "precioTotal": 24,
      "id": 15
    },
    {
      "unidades": 1,
      "articulo": {
        "image": "http://placekitten.com/200/200",
        "cantidad": 1,
        "name": "Mochila roja",
        "price": "15",
        "stock": 3,
        "pedido": 18,
        "id": 1
      },
      "precioTotal": 15,
      "id": 16
    },
    {
      "unidades": 1,
      "articulo": {
        "image": "http://placekitten.com/200/200",
        "cantidad": 1,
        "name": "Monitor AOC",
        "price": "150",
        "stock": 15,
        "pedido": 20,
        "id": 2
      },
      "precioTotal": 150,
      "id": 17
    },
    {
      "unidades": 1,
      "articulo": {
        "image": "http://placekitten.com/200/200",
        "cantidad": 1,
        "name": "Mochila roja",
        "price": "15",
        "stock": 2,
        "pedido": 20,
        "id": 1
      },
      "precioTotal": 15,
      "id": 18
    },
    {
      "unidades": 1,
      "articulo": {
        "image": "http://placekitten.com/200/200",
        "cantidad": 1,
        "name": "Monitor AOC",
        "price": "150",
        "stock": 13,
        "pedido": 24,
        "id": 2
      },
      "precioTotal": 150,
      "id": 19
    },
    {
      "unidades": 1,
      "articulo": {
        "image": "http://placekitten.com/200/200",
        "cantidad": 1,
        "name": "Mochila roja",
        "price": "15",
        "stock": 1,
        "pedido": 22,
        "id": 1
      },
      "precioTotal": 15,
      "id": 20
    },
    {
      "unidades": 1,
      "articulo": {
        "image": "http://placekitten.com/200/200",
        "cantidad": 1,
        "name": "Monitor AOC",
        "price": "150",
        "stock": 14,
        "pedido": 22,
        "id": 2
      },
      "precioTotal": 150,
      "id": 21
    },
    {
      "unidades": 1,
      "articulo": {
        "image": "http://placekitten.com/200/200",
        "cantidad": 1,
        "name": "Mochila roja",
        "price": "15",
        "stock": 0,
        "pedido": 24,
        "id": 1
      },
      "precioTotal": 15,
      "id": 22
    },
    {
      "unidades": 1,
      "articulo": {
        "image": "http://placekitten.com/200/200",
        "cantidad": 1,
        "name": "Monitor AOC",
        "price": "150",
        "stock": 13,
        "pedido": 24,
        "id": 2
      },
      "precioTotal": 150,
      "id": 23
    },
    {
      "unidades": 1,
      "articulo": {
        "image": "http://placekitten.com/200/200",
        "cantidad": 1,
        "name": "Monitor AOC",
        "price": "150",
        "stock": 12,
        "pedido": 26,
        "id": 2
      },
      "precioTotal": 150,
      "id": 24
    },
    {
      "unidades": 1,
      "articulo": {
        "image": "http://placekitten.com/200/200",
        "cantidad": 1,
        "name": "Monitor",
        "price": "125",
        "stock": 19,
        "pedido": 12,
        "id": 3
      },
      "precioTotal": 125,
      "id": 25
    }
  ]
}